address,name,src_file
600511c8,timer__600511c8,timer.h
60074658,timer__60074658,timer.h
60058e0c,timer__60058e0c,timer.h
6007fb34,timer__6007fb34,timer.h
6005afd8,timer__6005afd8,timer.h
60081450,timer__60081450,timer.h
60082ff4,timer__60082ff4,timer.h
600721e8,timer__600721e8,timer.h
60073bf0,timer__60073bf0,timer.h
60051168,main__60051168,main.cc
60051240,main__60051240,main.cc
6005af04,pattern_player__6005af04,pattern_player.h
60051824,exit__60051824,exit.c
60051b50,stats__60051b50,stats.cc
60052254,heap_support__60052254,heap_support.c
60054c7c,usb_device_cdc_acm__60054c7c,usb_device_cdc_acm.c
60054d08,usb_device_cdc_acm__60054d08,usb_device_cdc_acm.c
60054a54,usb_device_cdc_acm__60054a54,usb_device_cdc_acm.c
60058574,system_tasks__60058574,system_tasks.cc
60058754,buffer__60058754,buffer.h
60058aa8,hid_input_target__60058aa8,hid_input_target.cc
6005990c,sleep_driver__6005990c,sleep_driver.cc
60059d54,sleep_lock__60059d54,sleep_lock.cc
60059f98,reboot_reason__60059f98,reboot_reason.cc
60059f00,snvs__60059f00,snvs.h
6005a05c,device_info__6005a05c,device_info.cc
6005a6b0,device_info__6005a6b0,device_info.cc
6005a0ac,device_info__6005a0ac,device_info.cc
6005a4cc,device_info__6005a4cc,device_info.cc
6005a13c,device_info__6005a13c,device_info.cc
6005a1b0,device_info__6005a1b0,device_info.cc
6004cbf0,device_info__6004cbf0,device_info.cc
6005a464,dynamic_buffer__6005a464,dynamic_buffer.h
600662e0,dynamic_buffer__600662e0,dynamic_buffer.h
6005b150,application_state__6005b150,application_state.cc
6005b850,application_state__6005b850,application_state.cc
6005ad74,application_state__6005ad74,application_state.cc
6005b794,application_state__6005b794,application_state.cc
6005b8dc,application_state__6005b8dc,application_state.cc
6005b1c0,application_state__6005b1c0,application_state.cc
6005bdb4,gotham_task__6005bdb4,gotham_task.cc
6005d634,thermal__6005d634,thermal.cc
6005d160,thermal__6005d160,thermal.cc
6005d3b4,thermal__6005d3b4,thermal.cc
6005d1e4,thermal__6005d1e4,thermal.cc
6005d844,trigger_bug_report__6005d844,trigger_bug_report.cc
6005d714,trigger_bug_report__6005d714,trigger_bug_report.cc
60069c10,adapter__60069c10,adapter.h
60080424,adapter__60080424,adapter.h
6006a634,gatt_server__6006a634,gatt_server.h
6006a734,gatt_server__6006a734,gatt_server.h
6005d9d0,gatt_server__6005d9d0,gatt_server.h
6005d9a8,gatt_service_handle__6005d9a8,gatt_service_handle.h
6005da44,types__6005da44,types.h
60080e60,types__60080e60,types.h
600810bc,types__600810bc,types.h
600d4596,led_calibration__600d4596,led_calibration.cc
6005e020,power_rpcs__6005e020,power_rpcs.cc
6005e7e0,bug_report__6005e7e0,bug_report.cc
6005e200,bug_report__6005e200,bug_report.cc
6005e3d0,bug_report__6005e3d0,bug_report.cc
6005e58c,bug_report__6005e58c,bug_report.cc
6005ee88,bee__6005ee88,bee.cc
6005ef04,bee__6005ef04,bee.cc
6005f418,dcp_encryption_engine__6005f418,dcp_encryption_engine.cc
6005f450,dcp_encryption_engine__6005f450,dcp_encryption_engine.cc
6005fa0c,flash_lut__6005fa0c,flash_lut.cc
600d4902,flash_lut__600d4902,flash_lut.cc
6005fa80,flash_lut__6005fa80,flash_lut.cc
6005fe04,io_pin__6005fe04,io_pin.cc
6005ff5c,platform__6005ff5c,platform.h
600600c4,pwm__600600c4,pwm.h
600600f8,pwm__600600f8,pwm.h
6006012c,pwm__6006012c,pwm.h
60060170,xbara__60060170,xbara.h
600cbdc8,xbara__600cbdc8,xbara.h
6006044c,reset__6006044c,reset.cc
600604dc,reset__600604dc,reset.cc
60060518,sai__60060518,sai.cc
600605dc,sai__600605dc,sai.cc
60060634,sai__60060634,sai.cc
600606b0,sai__600606b0,sai.cc
60060708,sai__60060708,sai.cc
60060804,srtc__60060804,srtc.cc
60060b64,uart__60060b64,uart.cc
60060ccc,usb_device__60060ccc,usb_device.cc
60060f84,usb_device__60060f84,usb_device.cc
60060fe8,usb_device__60060fe8,usb_device.cc
60060f28,usb_device__60060f28,usb_device.cc
60060bf4,usb_device__60060bf4,usb_device.cc
6006180c,info__6006180c,info.cc
60061684,partition_table__60061684,partition_table.h
6007818c,partition_table__6007818c,partition_table.h
600619bc,usb_configuration_handler__600619bc,usb_configuration_handler.cc
60061a98,hardware_timer__60061a98,hardware_timer.cc
60061cc8,persistent_crash_register__60061cc8,persistent_crash_register.cc
60061fc0,usb_device_audio__60061fc0,usb_device_audio.cc
600620b4,usb_device_audio__600620b4,usb_device_audio.cc
60061ed4,usb_device_audio__60061ed4,usb_device_audio.cc
6006287c,usb_host__6006287c,usb_host.cc
60062674,usb_host__60062674,usb_host.cc
600626e4,usb_host__600626e4,usb_host.cc
60062ba4,usb_host_audio__60062ba4,usb_host_audio.cc
60062c70,usb_host_audio__60062c70,usb_host_audio.cc
60062f9c,usb_host_audio__60062f9c,usb_host_audio.cc
600629cc,usb_host_audio__600629cc,usb_host_audio.cc
60062b1c,usb_host_audio__60062b1c,usb_host_audio.cc
60062a10,usb_host_audio__60062a10,usb_host_audio.cc
6006318c,usb_host_audio__6006318c,usb_host_audio.cc
60062a74,usb_host_audio__60062a74,usb_host_audio.cc
60062aa8,usb_host_audio__60062aa8,usb_host_audio.cc
6006408c,usb_host_audio_topology__6006408c,usb_host_audio_topology.cc
600641a8,usb_host_audio_topology__600641a8,usb_host_audio_topology.cc
60064438,usb_host_audio_topology__60064438,usb_host_audio_topology.cc
60063c08,usb_host_audio_topology__60063c08,usb_host_audio_topology.cc
600644dc,usb_host_audio_topology__600644dc,usb_host_audio_topology.cc
60063cf4,usb_host_audio_topology__60063cf4,usb_host_audio_topology.cc
60063e24,usb_host_audio_topology__60063e24,usb_host_audio_topology.cc
60064110,usb_host_audio_topology__60064110,usb_host_audio_topology.cc
60064dac,usb_host_hid__60064dac,usb_host_hid.cc
600648b0,usb_host_hid__600648b0,usb_host_hid.cc
600649d4,usb_host_hid__600649d4,usb_host_hid.cc
600610d0,usb_host_worker__600610d0,usb_host_worker.cc
600d56ae,usb_host_worker__600d56ae,usb_host_worker.cc
6006525c,usb_host_worker__6006525c,usb_host_worker.cc
600656a0,haptics__600656a0,haptics.cc
6006573c,haptics__6006573c,haptics.cc
600655dc,haptics__600655dc,haptics.cc
6006581c,haptics_cluster__6006581c,haptics_cluster.cc
600658b4,haptics_cluster__600658b4,haptics_cluster.cc
60065a74,ble_info__60065a74,ble_info.cc
60065b84,ble_info__60065b84,ble_info.cc
60065d1c,keys__60065d1c,keys.cc
60065df0,keys__60065df0,keys.cc
60065e68,keys__60065e68,keys.cc
60065eb8,keys__60065eb8,keys.cc
60066070,keys__60066070,keys.cc
60066284,keys__60066284,keys.cc
600666f0,keys__600666f0,keys.cc
6006615c,keys__6006615c,keys.cc
600661fc,keys__600661fc,keys.cc
60066370,keys__60066370,keys.cc
60066d94,keys__60066d94,keys.cc
600669a8,keys__600669a8,keys.cc
60066ba8,keys__60066ba8,keys.cc
60066c28,keys__60066c28,keys.cc
600668dc,keys__600668dc,keys.cc
60066b40,keys__60066b40,keys.cc
60066944,keys__60066944,keys.cc
60066a74,keys__60066a74,keys.cc
60066ce0,keys__60066ce0,keys.cc
600670f4,gotham_patterns__600670f4,gotham_patterns.cc
600678ec,binary_build_metadata__600678ec,binary_build_metadata.cc
60067d14,gotham__60067d14,gotham.cc
600679d4,gotham__600679d4,gotham.cc
60067c3c,gotham__60067c3c,gotham.cc
60067b50,gotham__60067b50,gotham.cc
60067a68,gotham__60067a68,gotham.cc
60067ddc,logging__60067ddc,logging.cc
60067f5c,mimxrt10xx_flash_memory__60067f5c,mimxrt10xx_flash_memory.cc
60068024,mimxrt10xx_flash_memory__60068024,mimxrt10xx_flash_memory.cc
60067e8c,flash_memory__60067e8c,flash_memory.h
6006820c,i2c_device__6006820c,i2c_device.h
6006816c,accessory_detect_ts3a227e__6006816c,accessory_detect_ts3a227e.cc
600683f4,battery_charger_bq25601__600683f4,battery_charger_bq25601.h
60068278,battery_charger_bq25601__60068278,battery_charger_bq25601.h
600682f4,battery_charger_bq25601__600682f4,battery_charger_bq25601.h
60068374,battery_charger_bq25601__60068374,battery_charger_bq25601.h
6006855c,battery_charger_bq25601__6006855c,battery_charger_bq25601.cc
600684e0,battery_charger_bq25601__600684e0,battery_charger_bq25601.cc
60068a00,battery_gauge_bq2742X__60068a00,battery_gauge_bq2742X.cc
60068ae0,battery_gauge_bq2742X__60068ae0,battery_gauge_bq2742X.cc
60068cb4,battery_gauge_bq2742X__60068cb4,battery_gauge_bq2742X.cc
60068b80,battery_gauge_bq2742X__60068b80,battery_gauge_bq2742X.h
60068f88,activation_sequence__60068f88,activation_sequence.cc
60068f04,activation_sequence__60068f04,activation_sequence.cc
600d89ec,adapter__600d89ec,adapter.cc
60069c58,adapter__60069c58,adapter.cc
600695dc,adapter__600695dc,adapter.cc
60069d50,adapter__60069d50,adapter.cc
60069648,adapter__60069648,adapter.cc
600691cc,adapter__600691cc,adapter.cc
6006988c,adapter__6006988c,adapter.cc
60069a38,adapter__60069a38,adapter.cc
60069570,adapter__60069570,adapter.cc
600691f4,adapter__600691f4,adapter.cc
60069160,adapter__60069160,adapter.cc
60069b20,adapter__60069b20,adapter.cc
60069964,adapter__60069964,adapter.cc
6006a21c,adapter__6006a21c,adapter.cc
60069780,adapter__60069780,adapter.cc
600696d0,adapter__600696d0,adapter.cc
6006a880,gatt_server__6006a880,gatt_server.cc
6006a944,gatt_server__6006a944,gatt_server.cc
6006a5c8,gatt_server__6006a5c8,gatt_server.cc
6006ab14,gatt_server__6006ab14,gatt_server.cc
6006a9c8,gatt_server__6006a9c8,gatt_server.cc
6006ad00,gatt_server__6006ad00,gatt_server.cc
6006ae20,gatt_server__6006ae20,gatt_server.cc
60081ab4,gatt_server__60081ab4,gatt_server.cc
6006b10c,led_driver_lp5562__6006b10c,led_driver_lp5562.cc
6006b02c,led_driver_lp5562__6006b02c,led_driver_lp5562.cc
6006b1d0,led_driver_lp5562__6006b1d0,led_driver_lp5562.cc
6006b290,usb_port_controller_tusb320__6006b290,usb_port_controller_tusb320.cc
6006b2e8,usb_port_controller_tusb320__6006b2e8,usb_port_controller_tusb320.cc
6006b350,usb_port_controller_tusb320__6006b350,usb_port_controller_tusb320.cc
6006b3e8,usb_port_controller_tusb320__6006b3e8,usb_port_controller_tusb320.cc
6006b630,sound_codec_wm8904__6006b630,sound_codec_wm8904.cc
6006b4dc,sound_codec_wm8904__6006b4dc,sound_codec_wm8904.cc
6006e790,gki_ft__6006e790,gki_ft.c
6006e484,gki_ft__6006e484,gki_ft.c
6006f660,gotham_16mb_mimxrt10xx_mpu__6006f660,gotham_16mb_mimxrt10xx_mpu.cc
6007053c,external_controller__6007053c,external_controller.cc
60070ad0,switch_pro_controller__60070ad0,switch_pro_controller.cc
60071580,board__60071580,board.cc
60071a30,board__60071a30,board.cc
60071f74,adc__60071f74,adc.h
60074e6c,audio_states__60074e6c,audio_states.cc
60074d54,audio_states__60074d54,audio_states.cc
60075088,audio_states__60075088,audio_states.cc
60074dfc,audio_states__60074dfc,audio_states.cc
60074c2c,audio_states__60074c2c,audio_states.cc
60074f70,audio_states__60074f70,audio_states.cc
60075c08,headphone_state_machine__60075c08,headphone_state_machine.cc
60075c2c,headphone_state_machine__60075c2c,headphone_state_machine.cc
60075d78,headphone_state_machine__60075d78,headphone_state_machine.cc
60075c50,headphone_state_machine__60075c50,headphone_state_machine.cc
60075b18,headphone_state_machine__60075b18,headphone_state_machine.cc
60076438,input_task__60076438,input_task.cc
600764fc,input_task__600764fc,input_task.cc
60078340,firmware_image_upload__60078340,firmware_image_upload.cc
60078b4c,get_device_data__60078b4c,get_device_data.cc
6007946c,transfer_bug_report__6007946c,transfer_bug_report.cc
6007991c,http_flash_writer__6007991c,http_flash_writer.cc
6007952c,http_flash_writer__6007952c,http_flash_writer.cc
60079778,http_flash_writer__60079778,http_flash_writer.cc
60079668,http_flash_writer__60079668,http_flash_writer.cc
60079d28,audio_tasks__60079d28,audio_tasks.cc
6007a450,linear_interpolation_source__6007a450,linear_interpolation_source.h
6007b694,frames__6007b694,frames.h
6007a2c0,frames__6007a2c0,frames.h
6007a998,usb_audio_receive__6007a998,usb_audio_receive.cc
6007a118,usb_audio_receive__6007a118,usb_audio_receive.cc
60079f1c,usb_audio_receive__60079f1c,usb_audio_receive.cc
6007a254,usb_audio_receive__6007a254,usb_audio_receive.cc
6007a040,usb_audio_receive__6007a040,usb_audio_receive.cc
6007a504,usb_audio_receive__6007a504,usb_audio_receive.cc
6007a0b0,usb_audio_receive__6007a0b0,usb_audio_receive.cc
6007a62c,usb_audio_receive__6007a62c,usb_audio_receive.cc
6007ad34,usb_audio_send__6007ad34,usb_audio_send.cc
6007b1b8,synapse_audio_processor__6007b1b8,synapse_audio_processor.cc
6007b600,synapse_audio_processor__6007b600,synapse_audio_processor.cc
6007b59c,append_buffer__6007b59c,append_buffer.h
6007b6c0,append_buffer__6007b6c0,append_buffer.h
6007ea94,audio_player__6007ea94,audio_player.cc
6007e728,audio_player__6007e728,audio_player.cc
6007edb0,recording_pipeline__6007edb0,recording_pipeline.cc
6007ed74,recording_pipeline__6007ed74,recording_pipeline.cc
6007edf4,recording_pipeline__6007edf4,recording_pipeline.cc
6007f540,receiver__6007f540,receiver.cc
6007f454,receiver__6007f454,receiver.cc
6007ec48,receiver__6007ec48,receiver.cc
6007f1a4,receiver__6007f1a4,receiver.cc
6007f8e4,pattern_player__6007f8e4,pattern_player.cc
6007fcec,battery_service__6007fcec,battery_service.cc
6007ffd0,battery_service__6007ffd0,battery_service.cc
6007fdb0,battery_service__6007fdb0,battery_service.cc
60080180,wakelock__60080180,wakelock.cc
60084104,state_machine__60084104,state_machine.cc
600841d0,state_machine__600841d0,state_machine.cc
600842ac,state_machine__600842ac,state_machine.cc
600843c8,state_machine__600843c8,state_machine.cc
60084644,state_machine__60084644,state_machine.cc
600848bc,state_machine__600848bc,state_machine.cc
600849a4,state_machine__600849a4,state_machine.cc
600df264,state_machine__600df264,state_machine.cc
60080390,state_machine__60080390,state_machine.cc
6008099c,state_machine__6008099c,state_machine.cc
600805e4,state_machine__600805e4,state_machine.cc
60080af8,gatt_manager_task__60080af8,gatt_manager_task.cc
60080b24,gatt_manager_task__60080b24,gatt_manager_task.cc
60080cdc,gatt_manager_task__60080cdc,gatt_manager_task.cc
60080bcc,gatt_manager_task__60080bcc,gatt_manager_task.cc
60081234,advertiser__60081234,advertiser.cc
6006c340,remote_device_db__6006c340,remote_device_db.cc
6008318c,remote_device_db__6008318c,remote_device_db.cc
6008343c,remote_device_db__6008343c,remote_device_db.cc
60083080,remote_device_db__60083080,remote_device_db.cc
600834a4,parser__600834a4,parser.cc
60083534,private_heap__60083534,private_heap.cc
60083568,private_heap__60083568,private_heap.cc
600835ac,private_heap__600835ac,private_heap.cc
60084c40,bio__60084c40,bio.c
60084c90,bio__60084c90,bio.c
60084bec,bio__60084bec,bio.c
60084d34,ecdsa_asn1__60084d34,ecdsa_asn1.c
6008506c,evp__6008506c,evp.c
60085210,p_dsa_asn1__60085210,p_dsa_asn1.c
600850bc,p_dsa_asn1__600850bc,p_dsa_asn1.c
60091580,ec_asn1__60091580,ec_asn1.c
60091330,ec_asn1__60091330,ec_asn1.c
60091238,ec_asn1__60091238,ec_asn1.c
600917a0,ec_asn1__600917a0,ec_asn1.c
600912a8,ec_asn1__600912a8,ec_asn1.c
60085694,p_ed25519_asn1__60085694,p_ed25519_asn1.c
600855e0,p_ed25519_asn1__600855e0,p_ed25519_asn1.c
60085780,p_ed25519_asn1__60085780,p_ed25519_asn1.c
60085728,p_ed25519_asn1__60085728,p_ed25519_asn1.c
600859bc,p_rsa_asn1__600859bc,p_rsa_asn1.c
60085918,p_rsa_asn1__60085918,p_rsa_asn1.c
60085b50,p_x25519_asn1__60085b50,p_x25519_asn1.c
60085c04,p_x25519_asn1__60085c04,p_x25519_asn1.c
60085d00,p_x25519_asn1__60085d00,p_x25519_asn1.c
60085c98,p_x25519_asn1__60085c98,p_x25519_asn1.c
60086038,pem_lib__60086038,pem_lib.c
60085f2c,pem_lib__60085f2c,pem_lib.c
600861c0,pem_lib__600861c0,pem_lib.c
600866c4,pem_oth__600866c4,pem_oth.c
60091c10,obj__60091c10,obj.c
6008b970,bcm__6008b970,bcm.c
6008b9f0,bcm__6008b9f0,bcm.c
6008bf44,bcm__6008bf44,bcm.c
6008b384,bcm__6008b384,bcm.c
6008b43c,bcm__6008b43c,bcm.c
6008b4b8,bcm__6008b4b8,bcm.c
6008b570,bcm__6008b570,bcm.c
6008b6a8,bcm__6008b6a8,bcm.c
6008b79c,bcm__6008b79c,bcm.c
6008c834,bcm__6008c834,bcm.c
6008c728,bcm__6008c728,bcm.c
6008cb7c,bcm__6008cb7c,bcm.c
6008c7f0,bcm__6008c7f0,bcm.c
6008c0d8,bcm__6008c0d8,bcm.c
6008ba20,bcm__6008ba20,bcm.c
6008bae0,bcm__6008bae0,bcm.c
6008bb90,bcm__6008bb90,bcm.c
6008bbdc,bcm__6008bbdc,bcm.c
6008b50c,bcm__6008b50c,bcm.c
6008b60c,bcm__6008b60c,bcm.c
6008b738,bcm__6008b738,bcm.c
6008b3d4,bcm__6008b3d4,bcm.c
6008ce70,bcm__6008ce70,bcm.c
6008d120,bcm__6008d120,bcm.c
6008d228,bcm__6008d228,bcm.c
6008c334,bcm__6008c334,bcm.c
6008e910,bcm__6008e910,bcm.c
6008cf98,bcm__6008cf98,bcm.c
6008d300,bcm__6008d300,bcm.c
6008e700,bcm__6008e700,bcm.c
6008db08,bcm__6008db08,bcm.c
6008ccb4,bcm__6008ccb4,bcm.c
6008d730,bcm__6008d730,bcm.c
6008dab0,bcm__6008dab0,bcm.c
6008da3c,bcm__6008da3c,bcm.c
6008d6b8,bcm__6008d6b8,bcm.c
6008d7ac,bcm__6008d7ac,bcm.c
6008d2a8,bcm__6008d2a8,bcm.c
6008cfd4,bcm__6008cfd4,bcm.c
6008db50,bcm__6008db50,bcm.c
6008ac40,bcm__6008ac40,bcm.c
6008da74,bcm__6008da74,bcm.c
6008c5fc,bcm__6008c5fc,bcm.c
6008cbfc,bcm__6008cbfc,bcm.c
6008d6f8,bcm__6008d6f8,bcm.c
6008e164,bcm__6008e164,bcm.c
6008e264,bcm__6008e264,bcm.c
6008cce0,bcm__6008cce0,bcm.c
6008d5e0,bcm__6008d5e0,bcm.c
600ea868,bcm__600ea868,bcm.c
600ebf76,bcm__600ebf76,bcm.c
6008eb24,bcm__6008eb24,bcm.c
6008ee9c,a_bitstr__6008ee9c,a_bitstr.c
6008ef7c,a_int__6008ef7c,a_int.c
6008f0a0,a_object__6008f0a0,a_object.c
6008f0d8,a_object__6008f0d8,a_object.c
6008f2c0,asn1_lib__6008f2c0,asn1_lib.c
6008f338,asn1_lib__6008f338,asn1_lib.c
6008f1bc,asn1_lib__6008f1bc,asn1_lib.c
6008f794,tasn_dec__6008f794,tasn_dec.c
6008fa18,tasn_dec__6008fa18,tasn_dec.c
6008f4ac,tasn_dec__6008f4ac,tasn_dec.c
6008ffc0,tasn_dec__6008ffc0,tasn_dec.c
600901c8,tasn_dec__600901c8,tasn_dec.c
6008f370,tasn_dec__6008f370,tasn_dec.c
6008f5e8,tasn_dec__6008f5e8,tasn_dec.c
60090c3c,tasn_new__60090c3c,tasn_new.c
600ecb4a,tasn_new__600ecb4a,tasn_new.c
60090cbc,tasn_utl__60090cbc,tasn_utl.c
60090dd8,bn_asn1__60090dd8,bn_asn1.c
60090e6c,bn_asn1__60090e6c,bn_asn1.c
60090ef4,buf__60090ef4,buf.c
60090f24,buf__60090f24,buf.c
60091098,dsa__60091098,dsa.c
600919d4,ex_data__600919d4,ex_data.c
60092128,util__60092128,util.cc
600c9d44,event_groups__600c9d44,event_groups.c
600c9d88,event_groups__600c9d88,event_groups.c
60047834,queue__60047834,queue.c
600c9de4,queue__600c9de4,queue.c
600c9e6c,queue__600c9e6c,queue.c
600c9eac,queue__600c9eac,queue.c
600c9ef0,queue__600c9ef0,queue.c
600471bc,queue__600471bc,queue.c
6004723c,queue__6004723c,queue.c
60047290,queue__60047290,queue.c
60047678,queue__60047678,queue.c
600473e4,queue__600473e4,queue.c
600c9f94,queue__600c9f94,queue.c
600477e4,queue__600477e4,queue.c
60047974,tasks__60047974,tasks.c
60047aa8,tasks__60047aa8,tasks.c
60047cac,tasks__60047cac,tasks.c
60047d80,tasks__60047d80,tasks.c
60047ea8,tasks__60047ea8,tasks.c
60048014,tasks__60048014,tasks.c
600ca1b4,tasks__600ca1b4,tasks.c
600ca27c,tasks__600ca27c,tasks.c
600ca350,tasks__600ca350,tasks.c
600ca5cc,tasks__600ca5cc,tasks.c
600ca1f8,tasks__600ca1f8,tasks.c
600ca4ac,tasks__600ca4ac,tasks.c
600ca57c,tasks__600ca57c,tasks.c
600ca9e8,tasks__600ca9e8,tasks.c
600cab44,tasks__600cab44,tasks.c
60047b98,tasks__60047b98,tasks.c
60047ce4,tasks__60047ce4,tasks.c
60047d3c,tasks__60047d3c,tasks.c
600ca5a8,tasks__600ca5a8,tasks.c
600cacb8,timers__600cacb8,timers.c
600cad24,timers__600cad24,timers.c
600cae18,timers__600cae18,timers.c
600cad94,timers__600cad94,timers.c
600cae38,timers__600cae38,timers.c
600cb030,mpu__600cb030,mpu.cc
600cb2fc,key_value_store__600cb2fc,key_value_store.cc
600cb39c,key_value_store__600cb39c,key_value_store.cc
600cb428,key_value_store__600cb428,key_value_store.cc
600cb460,key_value_store__600cb460,key_value_store.cc
600cb598,key_value_store__600cb598,key_value_store.cc
600cb6fc,key_value_store__600cb6fc,key_value_store.cc
600cb210,key_value_store__600cb210,key_value_store.h
600cbdd4,init__600cbdd4,init.cc
600cbdf4,buffer__600cbdf4,buffer.cc
600cbebc,logger__600cbebc,logger.cc
600488f4,heap_5_improved__600488f4,heap_5_improved.c
600cc6a0,heap_5_improved__600cc6a0,heap_5_improved.c
60048774,heap_5_improved__60048774,heap_5_improved.c
600521b8,heap_5_improved__600521b8,heap_5_improved.c
